claim_id,section,bucket,claim,source,verification,note,support_type,public_status,display_rank,headline_rank,subgroup,source_tier,public_claim,review_note,date_sensitive,last_reviewed
OV-01,OVERVIEW,Climate-reframed,133 Gt C global soil carbon lost,"Sanderman et al., 2017, PNAS",DOI: 10.1073/pnas.1706103114,Approved primary-source claim synchronized to the overview and Carbon Debt sections.,direct,approved,1,1,,primary,133 Gt C global soil carbon lost,Primary-source claim cleared for public review.,no,2026-04-02
OV-02,OVERVIEW,Climate-reframed,$500M+/yr annual input losses (US corn fertilizer costs),"Jing et al., 2020, Earth’s Future",DOI: 10.1029/2019EF001432,Existing site claim carried forward into the revised register.,direct,approved,2,2,,primary,$500M+/yr annual input losses (US corn fertilizer costs),Primary-source claim cleared for public review. Refresh on the underlying reporting cycle.,yes,2026-04-02
OV-03,OVERVIEW,Climate-reframed,71% of aquifers are declining,"Jasechko & Perrone, 2024, Nature",DOI: 10.1038/s41586-024-07320-8,Existing site claim carried forward into the revised register.,direct,approved,3,3,,primary,71% of aquifers are declining,Primary-source claim cleared for public review. Refresh on the underlying reporting cycle.,yes,2026-04-02
OV-04,OVERVIEW,Climate-reframed,$320B climate disaster losses (2024),Munich Re 2024 Annual Report,munichre.com,Existing site claim carried forward into the revised register.,direct,approved,4,,,institutional,$320B climate disaster losses (2024),Institutional-source claim cleared for public review. Refresh on the underlying reporting cycle.,yes,2026-04-02
OV-05,OVERVIEW,Climate-reframed,0.30–1.00 Mg C/ha/yr annual soil carbon gain across the featured regenerative practices,Derived from approved rows C4-01 through C4-05,See Rebuilding Carbon rows in this register,Derived overview range using only the regenerative practices featured on the site.,derived,approved,5,,,derived,0.30–1.00 Mg C/ha/yr annual soil carbon gain across the featured regenerative practices,Derived reviewer claim with explicit math anchored to the cited source values.,no,2026-04-02
OV-06,OVERVIEW,Climate-reframed,+78% higher profits on regen farms,"LaCanne & Lundgren, 2018, PeerJ",DOI: 10.7717/peerj.4428,Existing site claim carried forward into the revised register.,direct,approved,6,,,primary,+78% higher profits on regen farms,Primary-source claim cleared for public review.,no,2026-04-02
OV-07,OVERVIEW,Climate-reframed,+35% water infiltration from cover crops,"Basche & DeLonge, 2019, PLOS ONE",DOI: 10.1371/journal.pone.0215702,Existing site claim carried forward into the revised register.,direct,approved,7,,,primary,+35% water infiltration from cover crops,Primary-source claim cleared for public review.,no,2026-04-02
OV-08,OVERVIEW,Climate-reframed,13.12 Gt CO2e/yr moved by mycorrhizal fungi,"Hawkins et al., 2023, Current Biology",DOI: 10.1016/j.cub.2023.02.027,Existing site claim carried forward into the revised register.,direct,approved,8,,,primary,13.12 Gt CO2e/yr moved by mycorrhizal fungi,Primary-source claim cleared for public review. Refresh on the underlying reporting cycle.,yes,2026-04-02
OV-09,OVERVIEW,Climate-reframed,McKinsey: $250B incremental value over a decade (80% adoption),McKinsey 2024,McKinsey regenerative agriculture value analysis,Approved public claim replacing the earlier generic investment-gap placeholder.,direct,approved,9,,,institutional,McKinsey: $250B incremental value over a decade (80% adoption),Institutional-source claim cleared for public review. Refresh on the underlying reporting cycle.,yes,2026-04-02
OV-10,OVERVIEW,Climate-reframed,BCG: 130% long-term ROI on regen transitions,BCG 2023,BCG long-term ROI analysis,Approved public claim replacing the earlier under-sourced funding-share shorthand.,direct,approved,10,,,institutional,BCG: 130% long-term ROI on regen transitions,Institutional-source claim cleared for public review. Refresh on the underlying reporting cycle.,yes,2026-04-02
OV-11,OVERVIEW,Climate-reframed,USDA: $2.8B committed to Partnerships for Climate-Smart Commodities,"USDA Partnerships for Climate-Smart Commodities, 2023–2024",USDA program summary and award announcements,Approved public claim replacing the removed carbon-market-growth placeholder.,direct,approved,11,,,institutional,USDA: $2.8B committed to Partnerships for Climate-Smart Commodities,Institutional-source claim cleared for public review. Refresh on the underlying reporting cycle.,yes,2026-04-02
OV-12,OVERVIEW,Climate-reframed,34 years for definitive carbon data (Rodale),Rodale Institute FST (1981–2015),rodaleinstitute.org,Existing site claim carried forward into the revised register.,direct,approved,12,,,institutional,34 years for definitive carbon data (Rodale),Institutional-source claim cleared for public review.,no,2026-04-02
OV-13,OVERVIEW,Climate-reframed,"6,000 years for Ogallala to recharge",USGS 2024 Groundwater Reports,USGS Ogallala data,Existing site claim carried forward into the revised register.,direct,approved,13,,,institutional,"6,000 years for Ogallala to recharge",Institutional-source claim cleared for public review. Refresh on the underlying reporting cycle.,yes,2026-04-02
OV-14,OVERVIEW,Climate-reframed,50+ years tillage damage on virgin soil (MSU),Michigan State University Extension,MSU Extension research,Existing site claim carried forward into the revised register.,direct,approved,14,,,institutional,50+ years tillage damage on virgin soil (MSU),Institutional-source claim cleared for public review.,no,2026-04-02
C1-01,Carbon Pools,Unchanged,"~2,500 Gt C in global soils (0–2 m)","Global soil carbon stock estimates; cross-ref IPCC and Sanderman et al., 2017",Cross-ref global soil carbon stock estimates used in the site carbon-pool visual,Approved stock estimate retained at rounded precision to match the site.,direct,approved,1,1,,institutional,"~2,500 Gt C in global soils (0–2 m)",Institutional-source claim cleared for public review.,no,2026-04-02
C1-02,Carbon Pools,Unchanged,~2.8x more carbon in soil than atmosphere,"Calculated: 2,500 / 900 Gt C","Soils 2,500 vs Atmosphere 900",Derived / calculated claim. Keep the source numbers and the math visible together.,derived,approved,2,2,,derived,~2.8x more carbon in soil than atmosphere,Derived reviewer claim with explicit math anchored to the cited source values.,no,2026-04-02
C1-03,Carbon Pools,Unchanged,Every 1% SOM increase sequesters ~8.9 Gt CO2 globally,Derived from USDA-NRCS + global soil area,Calculation based on global cultivated area,Derived / calculated claim. Keep the source numbers and the math visible together.,derived,approved,3,3,,derived,Every 1% SOM increase sequesters ~8.9 Gt CO2 globally,Derived reviewer claim with explicit math anchored to the cited source values.,no,2026-04-02
C1-04,Carbon Pools,Unchanged,75% of terrestrial carbon stored underground,Global carbon pool analysis,"Derived from 2,500 / (2,500 + 560) Gt C",Derived / calculated claim. Keep the source numbers and the math visible together.,derived,approved,4,,,derived,75% of terrestrial carbon stored underground,Derived reviewer claim with explicit math anchored to the cited source values.,no,2026-04-02
C1-05,Carbon Pools,Unchanged,"10,000+ microbial species per teaspoon",Soil microbiology consensus,LLNL; standard reference,Removed from public-facing materials during synchronization because the species-richness shorthand was broader than the approved evidence base.,direct,remove,5,,,institutional,"10,000+ microbial species per teaspoon",Institutional-source claim cleared for public review.,no,2026-04-02
C1-06,Carbon Pools,Unchanged,"Oceans: 38,400 Gt C (90.6%)",Global carbon cycle estimates,IPCC; off-scale reference,Existing site claim carried forward into the revised register.,direct,approved,6,,,institutional,"Oceans: 38,400 Gt C (90.6%)",Institutional-source claim cleared for public review.,no,2026-04-02
C1-07,Carbon Pools,Unchanged,"Soils (0–2 m): 2,500 Gt C (5.9%, largest land pool)","Sanderman et al., 2017; IPCC",DOI: 10.1073/pnas.1706103114,Existing site claim carried forward into the revised register.,direct,approved,7,,,institutional,"Soils (0–2 m): 2,500 Gt C (5.9%, largest land pool)",Institutional-source claim cleared for public review.,no,2026-04-02
C1-08,Carbon Pools,Unchanged,Atmosphere: 900 Gt C (2.1%),Global Carbon Budget 2024,globalcarbonproject.org,Existing site claim carried forward into the revised register.,direct,approved,8,,,institutional,Atmosphere: 900 Gt C (2.1%),Institutional-source claim cleared for public review. Refresh on the underlying reporting cycle.,yes,2026-04-02
C1-09,Carbon Pools,Unchanged,Vegetation: 560 Gt C (1.3%),Global carbon cycle estimates,IPCC AR6,Existing site claim carried forward into the revised register.,direct,approved,9,,,institutional,Vegetation: 560 Gt C (1.3%),Institutional-source claim cleared for public review.,no,2026-04-02
C1-10,Carbon Pools,Unchanged,Photosynthesis absorbs 120 Gt C/yr,Global Carbon Budget,globalcarbonproject.org,Existing site claim carried forward into the revised register.,direct,approved,10,,,institutional,Photosynthesis absorbs 120 Gt C/yr,Institutional-source claim cleared for public review.,no,2026-04-02
C1-11,Carbon Pools,Unchanged,Soil respiration releases 62 Gt C/yr,Global Carbon Budget,globalcarbonproject.org,Existing site claim carried forward into the revised register.,direct,approved,11,,,institutional,Soil respiration releases 62 Gt C/yr,Institutional-source claim cleared for public review.,no,2026-04-02
C1-12,Carbon Pools,Unchanged,Fossil fuel emissions: 10 Gt C/yr,Global Carbon Budget 2024,globalcarbonproject.org,Existing site claim carried forward into the revised register.,direct,approved,12,,,institutional,Fossil fuel emissions: 10 Gt C/yr,Institutional-source claim cleared for public review. Refresh on the underlying reporting cycle.,yes,2026-04-02
C1-13,Carbon Pools,Unchanged,~6 Gt net atmospheric CO2 accumulation/yr,Global Carbon Budget 2024,"Fossils ~10 + land-use ~1; oceans absorb ~3, land ~3",Existing site claim carried forward into the revised register.,direct,approved,13,,,institutional,~6 Gt net atmospheric CO2 accumulation/yr,Institutional-source claim cleared for public review. Refresh on the underlying reporting cycle.,yes,2026-04-02
C1-14,Carbon Pools,Unchanged,13.12 Gt CO2e channeled by mycorrhizal fungi/yr,"Hawkins et al., 2023, Current Biology",DOI: 10.1016/j.cub.2023.02.027,Existing site claim carried forward into the revised register.,direct,approved,14,,,primary,13.12 Gt CO2e channeled by mycorrhizal fungi/yr,Primary-source claim cleared for public review. Refresh on the underlying reporting cycle.,yes,2026-04-02
C1-15,Carbon Pools,Unchanged,Equal to 36% of fossil fuel emissions,Calculated: 13.12 / ~36 Gt CO2,Based on annual fossil CO2,Derived / calculated claim. Keep the source numbers and the math visible together.,derived,approved,15,,,derived,Equal to 36% of fossil fuel emissions,Derived reviewer claim with explicit math anchored to the cited source values.,no,2026-04-02
C1-16,Carbon Pools,Unchanged,Mycelial network ~5x Earth-Sun distance (450M km),"Hawkins et al., 2023",Earth-Sun ~150M km,Existing site claim carried forward into the revised register.,direct,approved,16,,,institutional,Mycelial network ~5x Earth-Sun distance (450M km),Institutional-source claim cleared for public review. Refresh on the underlying reporting cycle.,yes,2026-04-02
C2-01,Soil Microbiome,Unchanged,1 billion bacteria per gram of soil,USDA-NRCS soil biology overview; standard soil microbiology reference range,USDA/NRCS soil biology materials,Approved conservative abundance claim retained for public use.,direct,approved,1,1,,institutional,1 billion bacteria per gram of soil,Institutional-source claim cleared for public review.,no,2026-04-02
C2-02,Soil Microbiome,Unchanged,13.12 Gt CO2e moved by mycorrhizal fungi,"Hawkins et al., 2023, Current Biology",DOI: 10.1016/j.cub.2023.02.027,Existing site claim carried forward into the revised register.,direct,approved,2,2,,primary,13.12 Gt CO2e moved by mycorrhizal fungi,Primary-source claim cleared for public review. Refresh on the underlying reporting cycle.,yes,2026-04-02
C2-03,Soil Microbiome,Unchanged,450M km mycelial network length,"Hawkins et al., 2023",DOI: 10.1016/j.cub.2023.02.027,Existing site claim carried forward into the revised register.,direct,approved,3,3,,primary,450M km mycelial network length,Primary-source claim cleared for public review. Refresh on the underlying reporting cycle.,yes,2026-04-02
C2-04,Soil Microbiome,Unchanged,Up to 50% of SOM is microbial necromass,Lawrence Livermore National Laboratory,LLNL microbial necromass research,Existing site claim carried forward into the revised register.,direct,approved,4,,,institutional,Up to 50% of SOM is microbial necromass,Institutional-source claim cleared for public review.,no,2026-04-02
C2-05,Soil Microbiome,Unchanged,Glomalin holds 4–5% of all soil carbon,Soil science literature,Wright & Upadhyaya; glomalin studies,Existing site claim carried forward into the revised register.,direct,approved,5,,,institutional,Glomalin holds 4–5% of all soil carbon,Institutional-source claim cleared for public review.,no,2026-04-02
C2-06,Soil Microbiome,Unchanged,Glomalin persists 6–42 years,Soil science literature,Wright & Upadhyaya,Existing site claim carried forward into the revised register.,direct,approved,6,,,institutional,Glomalin persists 6–42 years,Institutional-source claim cleared for public review.,no,2026-04-02
C2-07,Soil Microbiome,Unchanged,+37% microbial biomass in no-till vs conventional (137 studies),Oak Ridge National Laboratory meta-analysis,ORNL no-till meta-analysis (137 studies),Existing site claim carried forward into the revised register.,direct,approved,7,,,institutional,+37% microbial biomass in no-till vs conventional (137 studies),Institutional-source claim cleared for public review.,no,2026-04-02
C2-08,Soil Microbiome,Unchanged,"+45% SOC increase in 8 years (UC Davis, San Joaquin Valley)",UC Davis 8-year regenerative trial,UC Davis San Joaquin Valley trial,Existing site claim carried forward into the revised register.,direct,approved,8,,,institutional,"+45% SOC increase in 8 years (UC Davis, San Joaquin Valley)",Institutional-source claim cleared for public review.,no,2026-04-02
C2-09,Soil Microbiome,Unchanged,"Each 1% SOM increase stores 20,000 extra gal/acre",USDA-NRCS,USDA-NRCS SOM water holding data,Existing site claim carried forward into the revised register.,direct,approved,9,,,institutional,"Each 1% SOM increase stores 20,000 extra gal/acre",Institutional-source claim cleared for public review.,no,2026-04-02
C2-10,Soil Microbiome,Unchanged,Microbes reduce synthetic fertilizer demand 40–50%,Soil Health Institute; nutrient cycling research,SHI 100-farm study data,Existing site claim carried forward into the revised register.,direct,approved,10,,,institutional,Microbes reduce synthetic fertilizer demand 40–50%,Institutional-source claim cleared for public review.,no,2026-04-02
C2-11,Soil Microbiome,Unchanged,High microbial diversity correlates with drought resilience,USDA ARS,USDA ARS drought resilience research,Existing site claim carried forward into the revised register.,direct,approved,11,,,institutional,High microbial diversity correlates with drought resilience,Institutional-source claim cleared for public review.,no,2026-04-02
C3-01,"Carbon Debt - 12,000 Years of Loss",Climate-reframed,"133 Gt C stripped over 12,000 years of human land use","Sanderman et al., 2017, PNAS",DOI: 10.1073/pnas.1706103114,Approved primary-source claim synchronized to the current site drawdown framing.,direct,approved,1,1,,primary,"133 Gt C stripped over 12,000 years of human land use",Primary-source claim cleared for public review. Refresh on the underlying reporting cycle.,yes,2026-04-02
C3-02,"Carbon Debt - 12,000 Years of Loss",Climate-reframed,488 Gt CO2 equivalent,Calculated: 133 Gt C × 3.67,Standard C-to-CO2 conversion,Derived companion figure shown with the source number and the math.,derived,approved,2,2,,derived,488 Gt CO2 equivalent,Derived reviewer claim with explicit math anchored to the cited source values.,no,2026-04-02
C3-03,"Carbon Debt - 12,000 Years of Loss",Climate-reframed,Largest human-caused biogeochemical disruption,"Sanderman et al., 2017",DOI: 10.1073/pnas.1706103114,Existing site claim carried forward into the revised register.,direct,approved,3,3,,primary,Largest human-caused biogeochemical disruption,Primary-source claim cleared for public review.,no,2026-04-02
C3-04,"Carbon Debt - 12,000 Years of Loss",Climate-reframed,50–70% original carbon gone from cultivated soils,"Lal 2004, Science",DOI: 10.1126/science.1097396,Existing site claim carried forward into the revised register.,direct,approved,4,,,primary,50–70% original carbon gone from cultivated soils,Primary-source claim cleared for public review.,no,2026-04-02
C3-05,"Carbon Debt - 12,000 Years of Loss",Climate-reframed,2.5 Mg/ha additional loss 1919–2018 (climate alone),Climate-driven SOC loss research,Independent of land use decisions,Existing site claim carried forward into the revised register.,direct,approved,5,,,institutional,2.5 Mg/ha additional loss 1919–2018 (climate alone),Institutional-source claim cleared for public review.,no,2026-04-02
C3-06,"Carbon Debt - 12,000 Years of Loss",Climate-reframed,52% SOC loss: temperate forest to agriculture,"Wei et al., 2014, Scientific Reports",DOI: 10.1038/srep05738,Existing site claim carried forward into the revised register.,direct,approved,6,,,primary,52% SOC loss: temperate forest to agriculture,Primary-source claim cleared for public review.,no,2026-04-02
C3-07,"Carbon Debt - 12,000 Years of Loss",Climate-reframed,41% SOC loss: tropical forest to agriculture,"Wei et al., 2014",DOI: 10.1038/srep05738,Existing site claim carried forward into the revised register.,direct,approved,7,,,primary,41% SOC loss: tropical forest to agriculture,Primary-source claim cleared for public review.,no,2026-04-02
C3-08,"Carbon Debt - 12,000 Years of Loss",Climate-reframed,31% SOC loss: boreal forest to agriculture,"Wei et al., 2014",DOI: 10.1038/srep05738,Existing site claim carried forward into the revised register.,direct,approved,8,,,primary,31% SOC loss: boreal forest to agriculture,Primary-source claim cleared for public review.,no,2026-04-02
C3-09,"Carbon Debt - 12,000 Years of Loss",Climate-reframed,42–78 Gt C biologically recoverable,Lal 2004; Sanderman et al. 2018,Lal: 10.1126/science.1097396; Sanderman: 10.1073/pnas.1706103114,Existing site claim carried forward into the revised register.,direct,approved,9,,,primary,42–78 Gt C biologically recoverable,Primary-source claim cleared for public review.,no,2026-04-02
C3-10,"Carbon Debt - 12,000 Years of Loss",Climate-reframed,50–66% recoverable through regen management,Lal 2004; recovery estimates,Cross-referenced independent estimates,Removed from public-facing materials during synchronization because the recovery-share shorthand was less defensible than the approved 42–78 Gt C recovery range.,interpretation,remove,10,,,interpretive,50–66% recoverable through regen management,Interpretive reviewer framing grounded in the cited evidence base.,no,2026-04-02
C3-N01,"Carbon Debt - 12,000 Years of Loss",New climate-support,42-78 Gt C recoverable = roughly 154-286 Gt CO2 drawdown opportunity.,Derived from Lal 2004 / Sanderman recovery range,42-78 x 3.67 = 154-286 Gt CO2,Derived conversion used to frame soil recovery in atmospheric terms.,derived,approved,11,,,derived,42-78 Gt C recoverable = roughly 154-286 Gt CO2 drawdown opportunity.,Derived reviewer claim with explicit math anchored to the cited source values.,no,2026-04-02
C3-N02,"Carbon Debt - 12,000 Years of Loss",New climate-support,154-286 Gt CO2 equals roughly 4-7 years of current annual CO2 emissions.,Global Carbon Budget 2024/2025; derived comparison,154-286 Gt CO2 / 41.6 Gt CO2 per year = about 3.7-6.9 years,Derived comparison used for climate-budget scale messaging.,derived,approved,12,,,derived,154-286 Gt CO2 equals roughly 4-7 years of current annual CO2 emissions.,Derived reviewer claim with explicit math anchored to the cited source values. Refresh on the underlying reporting cycle.,yes,2026-04-02
C3-N03,"Carbon Debt - 12,000 Years of Loss",New climate-support,"Global Carbon Budget 2025: roughly 235 / 585 / 1,110 Gt CO2 remain for 1.5 / 1.7 / 2.0°C",Global Carbon Budget 2024 / 2025 framing,"See supplied soil-climate evidence report, Carbon pillar",Approved climate-budget context added to support the site's new legacy-carbon callout.,direct,approved,13,,,institutional,"Global Carbon Budget 2025: roughly 235 / 585 / 1,110 Gt CO2 remain for 1.5 / 1.7 / 2.0°C",Institutional-source claim cleared for public review. Refresh on the underlying reporting cycle.,yes,2026-04-02
C4-01,Rebuilding Carbon,Climate-reframed,Compost (rangeland): 1.00 Mg C/ha/yr (0.8–1.2),"Ryals & Silver, 2013",Ryals & Silver 2013 compost rangeland,Existing site claim carried forward into the revised register.,direct,approved,1,1,,institutional,Compost (rangeland): 1.00 Mg C/ha/yr (0.8–1.2),Institutional-source claim cleared for public review.,no,2026-04-02
C4-02,Rebuilding Carbon,Climate-reframed,Cover cropping: 0.56 Mg C/ha/yr (0.32–0.88),"Joshi et al., 2023, Agronomy Journal",Joshi et al. 2023 cover cropping SOC,Existing site claim carried forward into the revised register.,direct,approved,2,2,,primary,Cover cropping: 0.56 Mg C/ha/yr (0.32–0.88),Primary-source claim cleared for public review. Refresh on the underlying reporting cycle.,yes,2026-04-02
C4-03,Rebuilding Carbon,Climate-reframed,AMP grazing: 0.50 Mg C/ha/yr (0.3–2.29),Multiple grazing studies,Adaptive multi-paddock literature,Approved public row synchronized to the current site range.,direct,approved,3,3,,institutional,AMP grazing: 0.50 Mg C/ha/yr (0.3–2.29),Institutional-source claim cleared for public review. Refresh on the underlying reporting cycle.,yes,2026-04-02
C4-04,Rebuilding Carbon,Climate-reframed,Organic systems: 0.45 Mg C/ha/yr (0.3–0.6),Lal 2004; organic research,DOI: 10.1126/science.1097396,Approved public row synchronized to the current site range.,direct,approved,4,,,primary,Organic systems: 0.45 Mg C/ha/yr (0.3–0.6),Primary-source claim cleared for public review. Refresh on the underlying reporting cycle.,yes,2026-04-02
C4-05,Rebuilding Carbon,Climate-reframed,No-till (long-term): 0.30 Mg C/ha/yr (0.1–0.5),Conservation tillage literature,Long-term aggregate studies,Existing site claim carried forward into the revised register.,direct,approved,5,,,institutional,No-till (long-term): 0.30 Mg C/ha/yr (0.1–0.5),Institutional-source claim cleared for public review.,no,2026-04-02
C4-06,Rebuilding Carbon,Climate-reframed,Rodale 34-yr: Organic 61.9 vs Conventional 53.3 Mg C/ha,Rodale FST (1981–2015),rodaleinstitute.org,Existing site claim carried forward into the revised register.,direct,approved,6,,,institutional,Rodale 34-yr: Organic 61.9 vs Conventional 53.3 Mg C/ha,Institutional-source claim cleared for public review.,no,2026-04-02
C4-07,Rebuilding Carbon,Climate-reframed,+16% more soil carbon (Rodale organic),Rodale FST,rodaleinstitute.org,Existing site claim carried forward into the revised register.,direct,approved,7,,,institutional,+16% more soil carbon (Rodale organic),Institutional-source claim cleared for public review.,no,2026-04-02
C4-08,Rebuilding Carbon,Climate-reframed,-45% less energy used (Rodale organic),Rodale FST,rodaleinstitute.org,Existing site claim carried forward into the revised register.,direct,approved,8,,,institutional,-45% less energy used (Rodale organic),Institutional-source claim cleared for public review.,no,2026-04-02
C4-09,Rebuilding Carbon,Climate-reframed,-40% fewer emissions (Rodale organic),Rodale FST,rodaleinstitute.org,Existing site claim carried forward into the revised register.,direct,approved,9,,,institutional,-40% fewer emissions (Rodale organic),Institutional-source claim cleared for public review.,no,2026-04-02
C4-10,Rebuilding Carbon,Climate-reframed,+31% higher drought yields (Rodale organic),Rodale FST,rodaleinstitute.org,Existing site claim carried forward into the revised register.,direct,approved,10,,,institutional,+31% higher drought yields (Rodale organic),Institutional-source claim cleared for public review.,no,2026-04-02
C4-11,Rebuilding Carbon,Climate-reframed,Single tillage pass = 50+ years of continuous tillage damage,"MSU Extension, 30-year finding",MSU Extension tillage research,Existing site claim carried forward into the revised register.,direct,approved,11,,,institutional,Single tillage pass = 50+ years of continuous tillage damage,Institutional-source claim cleared for public review.,no,2026-04-02
C4-12,Rebuilding Carbon,Climate-reframed,107M MT CO2e/yr if all US corn adopted cover crops,US corn acreage × sequestration rates,Calculated from USDA data + Joshi et al.,Derived / calculated claim. Keep the source numbers and the math visible together.,derived,approved,12,,,derived,107M MT CO2e/yr if all US corn adopted cover crops,Derived reviewer claim with explicit math anchored to the cited source values.,no,2026-04-02
C4-N01,Rebuilding Carbon,New climate-support,107M MT CO2e per year is roughly equivalent to removing 25 million passenger vehicles from the road.,EPA greenhouse gas equivalencies; 2024 conversion factors,"107,000,000 metric tons / 4.29 metric tons per passenger vehicle = about 24.9 million vehicles",Derived equivalency for public-facing scale comparison.,derived,approved,13,,,derived,107M MT CO2e per year is roughly equivalent to removing 25 million passenger vehicles from the road.,Derived reviewer claim with explicit math anchored to the cited source values. Refresh on the underlying reporting cycle.,yes,2026-04-02
E1-01,Profitability,Climate-reframed,+78% higher profits on regen farms (19 Northern Plains),"LaCanne & Lundgren, 2018, PeerJ",DOI: 10.7717/peerj.4428,Existing site claim carried forward into the revised register.,direct,approved,1,1,Farm Returns,primary,+78% higher profits on regen farms (19 Northern Plains),Primary-source claim cleared for public review.,no,2026-04-02
E1-02,Profitability,Climate-reframed,$51.60 net return/acre above cost — corn,"Soil Health Institute 100-farm, 2021",SHI 2021 100-farm study,Existing site claim carried forward into the revised register.,direct,approved,2,2,Farm Returns,institutional,$51.60 net return/acre above cost — corn,Institutional-source claim cleared for public review. Refresh on the underlying reporting cycle.,yes,2026-04-02
E1-03,Profitability,Climate-reframed,$44.89 net return/acre — soy,"Soil Health Institute 100-farm, 2021",SHI 2021,Existing site claim carried forward into the revised register.,direct,approved,3,,Farm Returns,institutional,$44.89 net return/acre — soy,Institutional-source claim cleared for public review. Refresh on the underlying reporting cycle.,yes,2026-04-02
E1-04,Profitability,Climate-reframed,85% of farmers saw positive net returns,SHI 100-farm study,SHI 2021,Existing site claim carried forward into the revised register.,direct,approved,4,,Farm Returns,institutional,85% of farmers saw positive net returns,Institutional-source claim cleared for public review. Refresh on the underlying reporting cycle.,yes,2026-04-02
E1-05,Profitability,Climate-reframed,$65/acre average gains (30-farm study),SHI 30-farm subset,SHI dataset,Existing site claim carried forward into the revised register.,direct,approved,5,,Farm Returns,institutional,$65/acre average gains (30-farm study),Institutional-source claim cleared for public review.,no,2026-04-02
E1-06,Profitability,Climate-reframed,"Regen: $1,185/ac vs Conventional: $665/ac net profit",Composite: LaCanne & Lundgren; SHI,Derived from cited studies,Removed from public-facing materials during synchronization; retained only as an internal composite rollup.,derived,internal-only,6,,Farm Returns,derived,"Regen: $1,185/ac vs Conventional: $665/ac net profit",Derived reviewer claim with explicit math anchored to the cited source values.,no,2026-04-02
E1-07,Profitability,Climate-reframed,Input costs: Regen 55 vs Conventional 100 (indexed),LaCanne & Lundgren; SHI,Normalized comparison,Existing site claim carried forward into the revised register.,direct,approved,7,,Farm Returns,institutional,Input costs: Regen 55 vs Conventional 100 (indexed),Institutional-source claim cleared for public review.,no,2026-04-02
E1-08,Profitability,Climate-reframed,Drought yield: Regen 134 vs Conventional 100,Rodale FST 30-year trial,rodaleinstitute.org,Existing site claim carried forward into the revised register.,direct,approved,8,,Farm Returns,institutional,Drought yield: Regen 134 vs Conventional 100,Institutional-source claim cleared for public review.,no,2026-04-02
E1-09,Profitability,Climate-reframed,SOM: Regen 4.2% vs Conventional 2.1% (+100%),Composite field data,"Cross-ref Brown’s Ranch, SHI",Removed from public-facing materials during synchronization because the paired SOM shorthand was broader than the approved evidence set.,derived,remove,9,,Farm Returns,derived,SOM: Regen 4.2% vs Conventional 2.1% (+100%),Derived reviewer claim with explicit math anchored to the cited source values.,no,2026-04-02
E1-10,Profitability,Climate-reframed,McKinsey: $250B incremental value over a decade (80% adoption),McKinsey 2024,McKinsey regen agriculture report,Existing site claim carried forward into the revised register.,direct,approved,10,,Capital Signals,institutional,McKinsey: $250B incremental value over a decade (80% adoption),Institutional-source claim cleared for public review. Refresh on the underlying reporting cycle.,yes,2026-04-02
E1-11,Profitability,Climate-reframed,$500M+/yr hidden fertilizer costs (US corn),"Jing et al., 2020",DOI: 10.1029/2019EF001432,Existing site claim carried forward into the revised register.,direct,approved,11,,System Costs,primary,$500M+/yr hidden fertilizer costs (US corn),Primary-source claim cleared for public review. Refresh on the underlying reporting cycle.,yes,2026-04-02
E1-12,Profitability,Climate-reframed,$1T+/yr broader degradation costs,"Neff, CU Boulder, 2021 (informal)",Informal extrapolation; Gulf Dead Zone etc.,Removed from public-facing materials during synchronization because the broader degradation-cost rollup was not hardened to the same standard as the approved site claims.,interpretation,remove,12,,System Costs,interpretive,$1T+/yr broader degradation costs,Interpretive reviewer framing grounded in the cited evidence base. Refresh on the underlying reporting cycle.,yes,2026-04-02
E1-13,Profitability,Climate-reframed,BCG: 130% long-term ROI on regen transitions,BCG 2023,BCG long-term ROI analysis,Existing site claim carried forward into the revised register.,direct,approved,13,3,Capital Signals,institutional,BCG: 130% long-term ROI on regen transitions,Institutional-source claim cleared for public review. Refresh on the underlying reporting cycle.,yes,2026-04-02
E1-14,Profitability,Climate-reframed,Carbon credits: $4.50–$11.25/acre/year,Carbon market data,Voluntary carbon pricing 2023–2036,Approved public row synchronized to the current carbon-credit revenue panel.,direct,approved,14,,Market / Program Signals,institutional,Carbon credits: $4.50–$11.25/acre/year,Institutional-source claim cleared for public review. Refresh on the underlying reporting cycle.,yes,2026-04-02
E1-15,Profitability,Climate-reframed,8M+ acres enrolled (Indigo Ag platform),Indigo Ag 2023,Platform data,Approved public row synchronized to the current carbon-credit revenue panel.,direct,approved,15,,Market / Program Signals,institutional,8M+ acres enrolled (Indigo Ag platform),Institutional-source claim cleared for public review. Refresh on the underlying reporting cycle.,yes,2026-04-02
E1-16,Profitability,Climate-reframed,2M+ tons CO2e credits verified,Indigo Ag 2023,Platform data,Approved public row synchronized to the current carbon-credit revenue panel.,direct,approved,16,,Market / Program Signals,institutional,2M+ tons CO2e credits verified,Institutional-source claim cleared for public review. Refresh on the underlying reporting cycle.,yes,2026-04-02
E1-17,Profitability,Climate-reframed,USDA climate-smart commodity funding: $2.8B committed,"USDA Partnerships for Climate-Smart Commodities, 2023–2024",USDA program summary and award announcements,Approved public row synchronized to the current carbon-credit revenue panel.,direct,approved,17,,Market / Program Signals,institutional,USDA climate-smart commodity funding: $2.8B committed,Institutional-source claim cleared for public review. Refresh on the underlying reporting cycle.,yes,2026-04-02
E1-18,Profitability,Climate-reframed,Urnuh: $425/acre income increase over 6 years,TCData 2025,"Daniel Urnuh, CA case study",Removed from public-facing materials during synchronization; retained only as internal supporting context.,direct,internal-only,18,,Field Case Evidence,institutional,Urnuh: $425/acre income increase over 6 years,Institutional-source claim cleared for public review. Refresh on the underlying reporting cycle.,yes,2026-04-02
E1-19,Profitability,Climate-reframed,"ROI: Yr 1–3=30%, Yr 2–5=62%, Yr 3–8=88%, Yr 10+=100%",SHI; LaCanne; Rodale composite,Composite timeline,Removed from public-facing materials during synchronization; the public site now uses stage labels instead of unsupported percentage milestones.,derived,internal-only,19,,Field Case Evidence,derived,"ROI: Yr 1–3=30%, Yr 2–5=62%, Yr 3–8=88%, Yr 10+=100%",Derived reviewer claim with explicit math anchored to the cited source values.,no,2026-04-02
E1-N01,Profitability,New climate-support,Nitrous oxide has 273x the 100-year warming power of CO2.,IPCC AR6,AR6 WG1 global warming potential values,Direct source claim used to connect fertilizer dependence to climate cost.,direct,approved,20,,Climate Cost Framing,institutional,Nitrous oxide has 273x the 100-year warming power of CO2.,Institutional-source claim cleared for public review.,no,2026-04-02
E1-N02,Profitability,New climate-support,Every dollar of reduced synthetic fertilizer is also a climate metric because lower nitrogen use reduces N2O exposure.,IPCC AR6; UNEP Global Nitrous Oxide Assessment 2024,Interpretive synthesis from N2O warming potential and fertilizer emissions literature,Messaging interpretation grounded in source data.,interpretation,approved,21,,Climate Cost Framing,interpretive,Every dollar of reduced synthetic fertilizer is also a climate metric because lower nitrogen use reduces N2O exposure.,Interpretive reviewer framing grounded in the cited evidence base. Refresh on the underlying reporting cycle.,yes,2026-04-02
E2-01,Case Studies,Unchanged,Brown’s Ranch: SOM 1.9% to 6.1% (+221%),Gabe Brown / NRCS case study,NRCS documentation,Existing site claim carried forward into the revised register.,direct,approved,1,1,Brown's Ranch,institutional,Brown’s Ranch: SOM 1.9% to 6.1% (+221%),Institutional-source claim cleared for public review.,no,2026-04-02
E2-02,Case Studies,Unchanged,Infiltration 0.5 to 8 in/hr (+16x),Gabe Brown / NRCS,NRCS field measurements,Existing site claim carried forward into the revised register.,direct,approved,2,,Brown's Ranch,institutional,Infiltration 0.5 to 8 in/hr (+16x),Institutional-source claim cleared for public review.,no,2026-04-02
E2-03,Case Studies,Unchanged,Fertilizer from 100% to -41 to -52%,Gabe Brown / NRCS,Brown’s Ranch inputs,Existing site claim carried forward into the revised register.,direct,approved,3,,Brown's Ranch,institutional,Fertilizer from 100% to -41 to -52%,Institutional-source claim cleared for public review.,no,2026-04-02
E2-04,Case Studies,Unchanged,Fungicide/herbicide: $0 (100% cut),Gabe Brown / NRCS,Brown’s Ranch case study,Existing site claim carried forward into the revised register.,direct,approved,4,,Brown's Ranch,institutional,Fungicide/herbicide: $0 (100% cut),Institutional-source claim cleared for public review.,no,2026-04-02
E2-05,Case Studies,Unchanged,White Oak Pastures: Revenue <$1M to $20M+ (20x),"Quantis / WOP LCA, 2019",Quantis LCA 2019,Existing site claim carried forward into the revised register.,direct,approved,5,,White Oak Pastures,institutional,White Oak Pastures: Revenue <$1M to $20M+ (20x),Institutional-source claim cleared for public review.,no,2026-04-02
E2-06,Case Studies,Unchanged,Employees 14 to 150+,Will Harris / WOP,WOP public data,Existing site claim carried forward into the revised register.,direct,approved,6,,White Oak Pastures,institutional,Employees 14 to 150+,Institutional-source claim cleared for public review.,no,2026-04-02
E2-07,Case Studies,Unchanged,Input costs reduced -80%+,WOP case study,Operational data,Existing site claim carried forward into the revised register.,direct,approved,7,,White Oak Pastures,institutional,Input costs reduced -80%+,Institutional-source claim cleared for public review.,no,2026-04-02
E2-08,Case Studies,Unchanged,Carbon negative (LCA verified),Quantis LCA 2019,Quantis / WOP LCA 2019,Existing site claim carried forward into the revised register.,direct,approved,8,,White Oak Pastures,institutional,Carbon negative (LCA verified),Institutional-source claim cleared for public review.,no,2026-04-02
E2-09,Case Studies,Unchanged,Indigo Ag: 8M+ acres enrolled,Indigo Ag 2023,Platform data,Existing site claim carried forward into the revised register.,direct,approved,9,2,Platform Signals,institutional,Indigo Ag: 8M+ acres enrolled,Institutional-source claim cleared for public review. Refresh on the underlying reporting cycle.,yes,2026-04-02
E2-10,Case Studies,Unchanged,2M+ tons CO2e credits verified,Indigo Ag 2023,Platform data,Existing site claim carried forward into the revised register.,direct,approved,10,,Platform Signals,institutional,2M+ tons CO2e credits verified,Institutional-source claim cleared for public review. Refresh on the underlying reporting cycle.,yes,2026-04-02
E2-11,Case Studies,Unchanged,$44.4B crop insurance paid 2021–2023,USDA crop insurance data,USDA payout records,Existing site claim carried forward into the revised register.,direct,approved,11,,Risk Signals,institutional,$44.4B crop insurance paid 2021–2023,Institutional-source claim cleared for public review. Refresh on the underlying reporting cycle.,yes,2026-04-02
E2-12,Case Studies,Unchanged,Record $19.1B paid in 2022,USDA,USDA crop insurance stats,Existing site claim carried forward into the revised register.,direct,approved,12,,Risk Signals,institutional,Record $19.1B paid in 2022,Institutional-source claim cleared for public review. Refresh on the underlying reporting cycle.,yes,2026-04-02
E2-13,Case Studies,Unchanged,McKinsey: $250B incremental value over a decade (80% adoption),McKinsey 2024,McKinsey regenerative agriculture value analysis,Approved public row synchronized to the case-study capital-signals panel.,direct,approved,13,,Capital Signals,institutional,McKinsey: $250B incremental value over a decade (80% adoption),Institutional-source claim cleared for public review. Refresh on the underlying reporting cycle.,yes,2026-04-02
E2-14,Case Studies,Unchanged,BCG: 130% long-term ROI on regen transitions,BCG 2023,BCG long-term ROI analysis,Approved public row synchronized to the case-study capital-signals panel.,direct,approved,14,,Capital Signals,institutional,BCG: 130% long-term ROI on regen transitions,Institutional-source claim cleared for public review. Refresh on the underlying reporting cycle.,yes,2026-04-02
E2-15,Case Studies,Unchanged,USDA: $2.8B committed to Partnerships for Climate-Smart Commodities,"USDA Partnerships for Climate-Smart Commodities, 2023–2024",USDA program summary and award announcements,Approved public row synchronized to the case-study capital-signals panel.,direct,approved,15,3,Program Signals,institutional,USDA: $2.8B committed to Partnerships for Climate-Smart Commodities,Institutional-source claim cleared for public review. Refresh on the underlying reporting cycle.,yes,2026-04-02
E3-01,Farm Financial Stress,Climate-reframed,315 Chapter 12 farm bankruptcies (2025),US Courts Chapter 12,US Courts filing statistics,Existing site claim carried forward into the revised register.,direct,approved,1,1,Farm Balance Sheet,institutional,315 Chapter 12 farm bankruptcies (2025),Institutional-source claim cleared for public review. Refresh on the underlying reporting cycle.,yes,2026-04-02
E3-02,Farm Financial Stress,Climate-reframed,Up 127% from 2023 low,Calculated: 139 (2023) to 315,US Courts; Am Farm Bureau Fed,Derived / calculated claim. Keep the source numbers and the math visible together.,derived,approved,2,,Farm Balance Sheet,derived,Up 127% from 2023 low,Derived reviewer claim with explicit math anchored to the cited source values. Refresh on the underlying reporting cycle.,yes,2026-04-02
E3-03,Farm Financial Stress,Climate-reframed,$624.7B projected farm debt 2026,USDA ERS,USDA ERS farm debt projections,Existing site claim carried forward into the revised register.,direct,approved,3,2,Farm Balance Sheet,institutional,$624.7B projected farm debt 2026,Institutional-source claim cleared for public review. Refresh on the underlying reporting cycle.,yes,2026-04-02
E3-04,Farm Financial Stress,Climate-reframed,-40% net farm income drop 2022–2024,USDA ERS,USDA ERS farm income data,Existing site claim carried forward into the revised register.,direct,approved,4,,Farm Balance Sheet,institutional,-40% net farm income drop 2022–2024,Institutional-source claim cleared for public review. Refresh on the underlying reporting cycle.,yes,2026-04-02
E3-05,Farm Financial Stress,Climate-reframed,"140,000+ farms lost 2017–2022",USDA Census of Agriculture,USDA Census,Existing site claim carried forward into the revised register.,direct,approved,5,,Farm Balance Sheet,institutional,"140,000+ farms lost 2017–2022",Institutional-source claim cleared for public review. Refresh on the underlying reporting cycle.,yes,2026-04-02
E3-06,Farm Financial Stress,Climate-reframed,+73% farm interest expenses above 2018,USDA ERS,High rates on leveraged operations,Existing site claim carried forward into the revised register.,direct,approved,6,,Farm Balance Sheet,institutional,+73% farm interest expenses above 2018,Institutional-source claim cleared for public review.,no,2026-04-02
E3-07,Farm Financial Stress,Climate-reframed,Billion-dollar disasters 1980s: 3.3/yr (82 days),NOAA,NOAA Billion-Dollar Disasters,Existing site claim carried forward into the revised register.,direct,approved,7,,Disaster Tempo,institutional,Billion-dollar disasters 1980s: 3.3/yr (82 days),Institutional-source claim cleared for public review.,no,2026-04-02
E3-08,Farm Financial Stress,Climate-reframed,1990s: 5.5/yr (52 days),NOAA,NOAA Billion-Dollar Disasters,Existing site claim carried forward into the revised register.,direct,approved,8,,Disaster Tempo,institutional,1990s: 5.5/yr (52 days),Institutional-source claim cleared for public review.,no,2026-04-02
E3-09,Farm Financial Stress,Climate-reframed,2000s: 6.7/yr (35 days),NOAA,NOAA Billion-Dollar Disasters,Existing site claim carried forward into the revised register.,direct,approved,9,,Disaster Tempo,institutional,2000s: 6.7/yr (35 days),Institutional-source claim cleared for public review.,no,2026-04-02
E3-10,Farm Financial Stress,Climate-reframed,2010s: 13.1/yr (24 days),NOAA,NOAA Billion-Dollar Disasters,Existing site claim carried forward into the revised register.,direct,approved,10,,Disaster Tempo,institutional,2010s: 13.1/yr (24 days),Institutional-source claim cleared for public review.,no,2026-04-02
E3-11,Farm Financial Stress,Climate-reframed,2020–24: 23/yr (18 days),NOAA,NOAA Billion-Dollar Disasters,Existing site claim carried forward into the revised register.,direct,approved,11,,Disaster Tempo,institutional,2020–24: 23/yr (18 days),Institutional-source claim cleared for public review. Refresh on the underlying reporting cycle.,yes,2026-04-02
E3-12,Farm Financial Stress,Climate-reframed,$320B total climate disaster losses 2024,Munich Re 2024,munichre.com,Existing site claim carried forward into the revised register.,direct,approved,12,3,Disaster Tempo,institutional,$320B total climate disaster losses 2024,Institutional-source claim cleared for public review. Refresh on the underlying reporting cycle.,yes,2026-04-02
E4-01,Climate & Yields,Climate-reframed,"Wheat yield: -5.5% (observed, warming)","Lobell et al., 2011, Science",DOI: 10.1126/science.1204531,Existing site claim carried forward into the revised register.,direct,approved,1,1,Observed Yield Losses,primary,"Wheat yield: -5.5% (observed, warming)",Primary-source claim cleared for public review. Refresh on the underlying reporting cycle.,yes,2026-04-02
E4-02,Climate & Yields,Climate-reframed,"Maize yield: -3.8% (observed, warming)","Lobell et al., 2011",DOI: 10.1126/science.1204531,Existing site claim carried forward into the revised register.,direct,approved,2,2,Observed Yield Losses,primary,"Maize yield: -3.8% (observed, warming)",Primary-source claim cleared for public review. Refresh on the underlying reporting cycle.,yes,2026-04-02
E4-03,Climate & Yields,Climate-reframed,Drought: Regen 131 vs Conventional 100 (Rodale),Rodale FST 30-year,rodaleinstitute.org,Existing site claim carried forward into the revised register.,direct,approved,3,3,Resilience Signal,institutional,Drought: Regen 131 vs Conventional 100 (Rodale),Institutional-source claim cleared for public review.,no,2026-04-02
E4-04,Climate & Yields,Climate-reframed,28–34% higher yields during drought,Rodale FST,Organic corn drought data,Existing site claim carried forward into the revised register.,direct,approved,4,,Resilience Signal,institutional,28–34% higher yields during drought,Institutional-source claim cleared for public review.,no,2026-04-02
E4-05,Climate & Yields,Climate-reframed,"Cocoa: $12,931/ton (from ~$2,500)",2024 commodity data,West Africa crop failure,Existing site claim carried forward into the revised register.,direct,approved,5,,Current Market Shock,institutional,"Cocoa: $12,931/ton (from ~$2,500)",Institutional-source claim cleared for public review. Refresh on the underlying reporting cycle.,yes,2026-04-02
E4-06,Climate & Yields,Climate-reframed,40%+ yield variation from weather extremes,Edison Institute 2024,Edison Institute crop variance research,Existing site claim carried forward into the revised register.,direct,approved,6,,Current Market Shock,institutional,40%+ yield variation from weather extremes,Institutional-source claim cleared for public review. Refresh on the underlying reporting cycle.,yes,2026-04-02
E4-07,Climate & Yields,Climate-reframed,$320B climate disaster losses 2024,Munich Re 2024,munichre.com,Existing site claim carried forward into the revised register.,direct,approved,7,,Current Market Shock,institutional,$320B climate disaster losses 2024,Institutional-source claim cleared for public review. Refresh on the underlying reporting cycle.,yes,2026-04-02
E4-08,Climate & Yields,Climate-reframed,-24% maize yield by late century,NASA,NASA climate crop modeling,Existing site claim carried forward into the revised register.,direct,approved,8,,Future Pressure,institutional,-24% maize yield by late century,Institutional-source claim cleared for public review.,no,2026-04-02
E4-09,Climate & Yields,Climate-reframed,+129% cereal price increase by 2050,IPCC,IPCC crop/price projections,Existing site claim carried forward into the revised register.,direct,approved,9,,Future Pressure,institutional,+129% cereal price increase by 2050,Institutional-source claim cleared for public review. Refresh on the underlying reporting cycle.,yes,2026-04-02
E4-10,Climate & Yields,Climate-reframed,1.4–1.8 pts food inflation/yr by 2035 (N. America),"Kotz et al., 2023",Kotz et al. 2023,Existing site claim carried forward into the revised register.,direct,approved,10,,Future Pressure,institutional,1.4–1.8 pts food inflation/yr by 2035 (N. America),Institutional-source claim cleared for public review. Refresh on the underlying reporting cycle.,yes,2026-04-02
E4-11,Climate & Yields,Climate-reframed,Every 1°C = $54T kilocalories lost,"Hultgren et al., 2025, Nature",~120 kcal/person/day/degree,Existing site claim carried forward into the revised register.,direct,approved,11,,Future Pressure,primary,Every 1°C = $54T kilocalories lost,Primary-source claim cleared for public review. Refresh on the underlying reporting cycle.,yes,2026-04-02
W1-01,Soil & Water,Climate-reframed,"20,000 gal/acre per 1% SOM increase",USDA-NRCS,USDA-NRCS SOM water data,Existing site claim carried forward into the revised register.,direct,approved,1,1,,institutional,"20,000 gal/acre per 1% SOM increase",Institutional-source claim cleared for public review.,no,2026-04-02
W1-02,Soil & Water,Climate-reframed,"Plant-available water: 3,400–10,000 gal/ac (Hudson 1994)",Hudson 1994 (Soil Sci. Am. J.),Hudson 1994,Existing site claim carried forward into the revised register.,direct,approved,2,2,,institutional,"Plant-available water: 3,400–10,000 gal/ac (Hudson 1994)",Institutional-source claim cleared for public review.,no,2026-04-02
W1-03,Soil & Water,Climate-reframed,4% SOM holds 2x water of 1% SOM,Hudson 1994,Hudson 1994,Existing site claim carried forward into the revised register.,direct,approved,3,,,institutional,4% SOM holds 2x water of 1% SOM,Institutional-source claim cleared for public review.,no,2026-04-02
W1-04,Soil & Water,Climate-reframed,Infiltration: Perennial +60%,"Basche & DeLonge 2019, PLOS ONE (89 studies)",DOI: 10.1371/journal.pone.0215702,Existing site claim carried forward into the revised register.,direct,approved,4,3,,primary,Infiltration: Perennial +60%,Primary-source claim cleared for public review.,no,2026-04-02
W1-05,Soil & Water,Climate-reframed,Cover crops +35%,Basche & DeLonge 2019,DOI: 10.1371/journal.pone.0215702,Existing site claim carried forward into the revised register.,direct,approved,5,,,primary,Cover crops +35%,Primary-source claim cleared for public review.,no,2026-04-02
W1-06,Soil & Water,Climate-reframed,No-till +45%,Basche & DeLonge 2019,DOI: 10.1371/journal.pone.0215702,Existing site claim carried forward into the revised register.,direct,approved,6,,,primary,No-till +45%,Primary-source claim cleared for public review.,no,2026-04-02
W1-07,Soil & Water,Climate-reframed,94% erosion reduction: cover crops vs bare soil,Cover crop studies,USDA-NRCS field data,Existing site claim carried forward into the revised register.,direct,approved,7,,,institutional,94% erosion reduction: cover crops vs bare soil,Institutional-source claim cleared for public review.,no,2026-04-02
W1-08,Soil & Water,Climate-reframed,90% runoff reduction (best-case cover crop),Cover crop research,Basche & DeLonge meta-analysis,Existing site claim carried forward into the revised register.,direct,approved,8,,,institutional,90% runoff reduction (best-case cover crop),Institutional-source claim cleared for public review.,no,2026-04-02
W1-09,Soil & Water,Climate-reframed,70% soil loss reduction from ground cover,IBS studies,Institutional field data,Existing site claim carried forward into the revised register.,direct,approved,9,,,institutional,70% soil loss reduction from ground cover,Institutional-source claim cleared for public review.,no,2026-04-02
W1-10,Soil & Water,Climate-reframed,1% SOM=20K gal; 2%=40K (+100%); 4%=80K (+300%),Hudson 1994; USDA-NRCS,Hudson 1994 data,Existing site claim carried forward into the revised register.,direct,approved,10,,,institutional,1% SOM=20K gal; 2%=40K (+100%); 4%=80K (+300%),Institutional-source claim cleared for public review.,no,2026-04-02
W1-11,Soil & Water,Climate-reframed,Brown’s Ranch: 0.5 to 8 in/hr (16x),Gabe Brown / NRCS,Brown’s Ranch case; NRCS,Existing site claim carried forward into the revised register.,direct,approved,11,,,institutional,Brown’s Ranch: 0.5 to 8 in/hr (16x),Institutional-source claim cleared for public review.,no,2026-04-02
W1-12,Soil & Water,Climate-reframed,2T gallons/yr if 1% SOM across 100M US acres,Calculated: 20K gal × 100M,Equiv. 3M Olympic pools,Derived / calculated claim. Keep the source numbers and the math visible together.,derived,approved,12,,,derived,2T gallons/yr if 1% SOM across 100M US acres,Derived reviewer claim with explicit math anchored to the cited source values.,no,2026-04-02
W1-N01,Soil & Water,New climate-support,"Each 1°C of warming allows the atmosphere to hold about 7% more water vapor, intensifying both rainfall extremes and drought between them.",Clausius-Clapeyron relationship; WMO State of Global Water Resources 2024,"See supplied soil-climate evidence report, Water pillar, p. 8",Approved climate-mechanism claim supporting the water-pillar reframing.,direct,approved,13,,,institutional,"Each 1°C of warming allows the atmosphere to hold about 7% more water vapor, intensifying both rainfall extremes and drought between them.",Institutional-source claim cleared for public review. Refresh on the underlying reporting cycle.,yes,2026-04-02
W2-01,Aquifer Crisis,Climate-reframed,Ogallala: -16.5 ft (1950–2019),USGS 2024,USGS Groundwater Reports,Existing site claim carried forward into the revised register.,direct,approved,1,1,,institutional,Ogallala: -16.5 ft (1950–2019),Institutional-source claim cleared for public review. Refresh on the underlying reporting cycle.,yes,2026-04-02
W2-02,Aquifer Crisis,Climate-reframed,Depletion 3–50x faster than recharge,USGS,Recharge ~0.024 in/yr vs pumping ~3 ft/yr,Existing site claim carried forward into the revised register.,direct,approved,2,2,,institutional,Depletion 3–50x faster than recharge,Institutional-source claim cleared for public review.,no,2026-04-02
W2-03,Aquifer Crisis,Climate-reframed,"6,000+ years to replenish naturally",USGS,USGS Groundwater Reports,Existing site claim carried forward into the revised register.,direct,approved,3,3,,institutional,"6,000+ years to replenish naturally",Institutional-source claim cleared for public review.,no,2026-04-02
W2-04,Aquifer Crisis,Climate-reframed,Central Valley subsidence: -7.2 ft (2015–2025),Stanford 2024,Stanford subsidence research,Existing site claim carried forward into the revised register.,direct,approved,4,,,institutional,Central Valley subsidence: -7.2 ft (2015–2025),Institutional-source claim cleared for public review. Refresh on the underlying reporting cycle.,yes,2026-04-02
W2-05,Aquifer Crisis,Climate-reframed,286M acre-feet Ogallala lost since ~1950,USGS,USGS Groundwater Reports,Existing site claim carried forward into the revised register.,direct,approved,5,,,institutional,286M acre-feet Ogallala lost since ~1950,Institutional-source claim cleared for public review.,no,2026-04-02
W2-06,Aquifer Crisis,Climate-reframed,28 ft max Central Valley subsidence since 1920s,Historical records,USGS / DWR data,Existing site claim carried forward into the revised register.,direct,approved,6,,,institutional,28 ft max Central Valley subsidence since 1920s,Institutional-source claim cleared for public review.,no,2026-04-02
W2-07,Aquifer Crisis,Climate-reframed,60% Friant-Kern Canal capacity lost,Stanford Water in the West 2024,Stanford CV subsidence,Existing site claim carried forward into the revised register.,direct,approved,7,,,institutional,60% Friant-Kern Canal capacity lost,Institutional-source claim cleared for public review. Refresh on the underlying reporting cycle.,yes,2026-04-02
W2-08,Aquifer Crisis,Climate-reframed,2M AC-FT annual CV groundwater overdraft,PPIC,PPIC Groundwater in CA 2024,Existing site claim carried forward into the revised register.,direct,approved,8,,,institutional,2M AC-FT annual CV groundwater overdraft,Institutional-source claim cleared for public review. Refresh on the underlying reporting cycle.,yes,2026-04-02
W2-09,Aquifer Crisis,Climate-reframed,-1.52 ft Kansas aquifer decline (Jan 24–Jan 25),USGS,USGS 2024,Existing site claim carried forward into the revised register.,direct,approved,9,,,institutional,-1.52 ft Kansas aquifer decline (Jan 24–Jan 25),Institutional-source claim cleared for public review. Refresh on the underlying reporting cycle.,yes,2026-04-02
W2-10,Aquifer Crisis,Climate-reframed,CA State Water Project: 87% decline by 2043,CA State Water Project 2025,87% delivery loss warning,Existing site claim carried forward into the revised register.,direct,approved,10,,,institutional,CA State Water Project: 87% decline by 2043,Institutional-source claim cleared for public review. Refresh on the underlying reporting cycle.,yes,2026-04-02
W2-N01,Aquifer Crisis,New climate-support,Climate change accelerates aquifer depletion by increasing crop water demand while reducing snowpack recharge.,Ogallala / Sierra snowpack synthesis in supplied soil-climate evidence report,"See supplied soil-climate evidence report, Water pillar, pp. 7-8",Approved interpretive synthesis used to make the climate causal chain explicit.,interpretation,approved,11,,,interpretive,Climate change accelerates aquifer depletion by increasing crop water demand while reducing snowpack recharge.,Interpretive reviewer framing grounded in the cited evidence base.,no,2026-04-02
W3-01,Central Valley,Climate-reframed,1% of US farmland,USDA,USDA farmland statistics,Existing site claim carried forward into the revised register.,direct,approved,1,1,Food System Concentration,institutional,1% of US farmland,Institutional-source claim cleared for public review.,no,2026-04-02
W3-02,Central Valley,Climate-reframed,25% of US food supply,CA agricultural data,USDA / CDFA,Existing site claim carried forward into the revised register.,direct,approved,2,2,Food System Concentration,institutional,25% of US food supply,Institutional-source claim cleared for public review.,no,2026-04-02
W3-03,Central Valley,Climate-reframed,40% of all US fruits & nuts,CA production data,"Almonds, pistachios, grapes",Existing site claim carried forward into the revised register.,direct,approved,3,3,Food System Concentration,institutional,40% of all US fruits & nuts,Institutional-source claim cleared for public review.,no,2026-04-02
W3-04,Central Valley,Climate-reframed,$50B agricultural industry,CA economic output,CA Farm Water Coalition / CDFA,Existing site claim carried forward into the revised register.,direct,approved,4,,Food System Concentration,institutional,$50B agricultural industry,Institutional-source claim cleared for public review.,no,2026-04-02
W3-05,Central Valley,Climate-reframed,Kern County: $132M to $27M = -80% revenue (2023–24),Kern County crop data,CA Farm Water Coalition,Existing site claim carried forward into the revised register.,direct,approved,5,,Local Economic Impacts,institutional,Kern County: $132M to $27M = -80% revenue (2023–24),Institutional-source claim cleared for public review. Refresh on the underlying reporting cycle.,yes,2026-04-02
W3-06,Central Valley,Climate-reframed,"17,000 acres permanently removed (2024, SGMA)",SGMA compliance data,First industrial-scale forced fallowing,Existing site claim carried forward into the revised register.,direct,approved,6,,Local Economic Impacts,institutional,"17,000 acres permanently removed (2024, SGMA)",Institutional-source claim cleared for public review. Refresh on the underlying reporting cycle.,yes,2026-04-02
W3-07,Central Valley,Climate-reframed,"Tulare Lake: 111K acres, $900M–$2B losses",2023 refilling event,Subsidence-damaged drainage,Existing site claim carried forward into the revised register.,direct,approved,7,,Local Economic Impacts,institutional,"Tulare Lake: 111K acres, $900M–$2B losses",Institutional-source claim cleared for public review. Refresh on the underlying reporting cycle.,yes,2026-04-02
W3-08,Central Valley,Climate-reframed,Land values: -75% in fallowing zones,Farmland valuation,"No water, no crops, collapsing assets",Existing site claim carried forward into the revised register.,direct,approved,8,,Local Economic Impacts,institutional,Land values: -75% in fallowing zones,Institutional-source claim cleared for public review.,no,2026-04-02
W3-09,Central Valley,Climate-reframed,"Almonds: 640K to 1,640K acres (+156%)",CA almond data,USDA / Almond Board,Existing site claim carried forward into the revised register.,direct,approved,9,,Crop Intensity,institutional,"Almonds: 640K to 1,640K acres (+156%)",Institutional-source claim cleared for public review.,no,2026-04-02
W3-10,Central Valley,Climate-reframed,12 liters water per single almond,Water footprint research,4.7–5.5M ac-ft/yr consumed,Existing site claim carried forward into the revised register.,direct,approved,10,,Crop Intensity,institutional,12 liters water per single almond,Institutional-source claim cleared for public review.,no,2026-04-02
W3-11,Central Valley,Climate-reframed,"Friant-Kern repair: $325M for 10 miles, 74% over budget",Bureau of Reclamation / DWR,Canal lost 60% delivery capacity,Existing site claim carried forward into the revised register.,direct,approved,11,,Infrastructure Stress,institutional,"Friant-Kern repair: $325M for 10 miles, 74% over budget",Institutional-source claim cleared for public review.,no,2026-04-02
W3-N01,Central Valley,New climate-support,"Central Valley water stress is a climate-driven chain: warming reduces snowpack, lower deliveries increase pumping, and pumping deepens subsidence.",California snowpack and groundwater synthesis in supplied soil-climate evidence report,"See supplied soil-climate evidence report, Water pillar, pp. 7-8",Approved interpretive synthesis used to make the climate causal chain explicit.,interpretation,approved,12,,Climate Chain,interpretive,"Central Valley water stress is a climate-driven chain: warming reduces snowpack, lower deliveries increase pumping, and pumping deepens subsidence.",Interpretive reviewer framing grounded in the cited evidence base.,no,2026-04-02
W4-01,SGMA & Fallowing,Climate-reframed,21 critically overdrafted basins under SGMA,SGMA / CA DWR,DWR basin designations,Existing site claim carried forward into the revised register.,direct,approved,1,,Policy Mandate,institutional,21 critically overdrafted basins under SGMA,Institutional-source claim cleared for public review.,no,2026-04-02
W4-02,SGMA & Fallowing,Climate-reframed,2040 sustainability deadline,SGMA legislation,CA SGMA law,Existing site claim carried forward into the revised register.,direct,approved,2,,Policy Mandate,institutional,2040 sustainability deadline,Institutional-source claim cleared for public review. Refresh on the underlying reporting cycle.,yes,2026-04-02
W4-03,SGMA & Fallowing,Climate-reframed,2M AC-FT annual overdraft to eliminate,PPIC,PPIC Groundwater in CA 2024,Existing site claim carried forward into the revised register.,direct,approved,3,,Policy Mandate,institutional,2M AC-FT annual overdraft to eliminate,Institutional-source claim cleared for public review. Refresh on the underlying reporting cycle.,yes,2026-04-02
W4-04,SGMA & Fallowing,Climate-reframed,500K–1M acres permanently retired by 2040,PPIC projection,PPIC fallowing projections,Existing site claim carried forward into the revised register.,direct,approved,4,1,Retirement Risk,institutional,500K–1M acres permanently retired by 2040,Institutional-source claim cleared for public review. Refresh on the underlying reporting cycle.,yes,2026-04-02
W4-05,SGMA & Fallowing,Climate-reframed,5–10% of total CV farmland,Calculated from CV acreage,~5–10M total acres,Derived / calculated claim. Keep the source numbers and the math visible together.,derived,approved,5,,Retirement Risk,derived,5–10% of total CV farmland,Derived reviewer claim with explicit math anchored to the cited source values.,no,2026-04-02
W4-06,SGMA & Fallowing,Climate-reframed,"67,000 jobs destroyed (UC Davis worst-case)",UC Davis Economic Analysis 2023,UC Davis SGMA job loss estimates,Existing site claim carried forward into the revised register.,direct,approved,6,2,Retirement Risk,institutional,"67,000 jobs destroyed (UC Davis worst-case)",Institutional-source claim cleared for public review. Refresh on the underlying reporting cycle.,yes,2026-04-02
W4-07,SGMA & Fallowing,Climate-reframed,$2.5B/yr revenue loss from fallowed land,Economic impact estimates,Per-acre revenue × fallowed acreage,Existing site claim carried forward into the revised register.,direct,approved,7,,Retirement Risk,institutional,$2.5B/yr revenue loss from fallowed land,Institutional-source claim cleared for public review.,no,2026-04-02
W4-08,SGMA & Fallowing,Climate-reframed,"Each 1% SOM gain adds roughly 20,000 gal/ac of water-holding capacity",USDA-NRCS,Cross-ref Soil & Water section,Approved public row synchronized to the SGMA wording now used on the site.,direct,approved,8,3,Retention Alternative,institutional,"Each 1% SOM gain adds roughly 20,000 gal/ac of water-holding capacity",Institutional-source claim cleared for public review.,no,2026-04-02
W5-01,Global Scarcity,Climate-reframed,70% global ag share of freshwater use,FAO / World Water Resources,FAO global demand modeling,Existing site claim carried forward into the revised register.,direct,approved,1,1,Freshwater Demand,institutional,70% global ag share of freshwater use,Institutional-source claim cleared for public review.,no,2026-04-02
W5-02,Global Scarcity,Climate-reframed,92% food water footprint from farming,Water footprint research,FAO / WMO,Existing site claim carried forward into the revised register.,direct,approved,2,,Freshwater Demand,institutional,92% food water footprint from farming,Institutional-source claim cleared for public review.,no,2026-04-02
W5-03,Global Scarcity,Climate-reframed,80% US water consumed by agriculture,USDA,USDA water consumption stats,Existing site claim carried forward into the revised register.,direct,approved,3,,Freshwater Demand,institutional,80% US water consumed by agriculture,Institutional-source claim cleared for public review.,no,2026-04-02
W5-04,Global Scarcity,Climate-reframed,71% of aquifers declining (2000–2022),"Jasechko & Perrone 2024, Nature",DOI: 10.1038/s41586-024-07320-8,Existing site claim carried forward into the revised register.,direct,approved,4,2,Aquifer Decline,primary,71% of aquifers declining (2000–2022),Primary-source claim cleared for public review. Refresh on the underlying reporting cycle.,yes,2026-04-02
W5-05,Global Scarcity,Climate-reframed,"71% of 1,700 aquifers dropping",Jasechko & Perrone 2024,DOI: 10.1038/s41586-024-07320-8,Existing site claim carried forward into the revised register.,direct,approved,5,,Aquifer Decline,primary,"71% of 1,700 aquifers dropping",Primary-source claim cleared for public review. Refresh on the underlying reporting cycle.,yes,2026-04-02
W5-06,Global Scarcity,Climate-reframed,+125% extraction increase in 40 years,Global extraction data,Jasechko & Perrone 2024,Existing site claim carried forward into the revised register.,direct,approved,6,,Aquifer Decline,institutional,+125% extraction increase in 40 years,Institutional-source claim cleared for public review. Refresh on the underlying reporting cycle.,yes,2026-04-02
W5-07,Global Scarcity,Climate-reframed,4B people affected by water scarcity,WMO / UN Water,WMO Global Water Resources,Existing site claim carried forward into the revised register.,direct,approved,7,,Human Exposure,institutional,4B people affected by water scarcity,Institutional-source claim cleared for public review.,no,2026-04-02
W5-08,Global Scarcity,Climate-reframed,Depletion: 126 (1960s) to 178 (1990s) to 283 km³/yr (2000s),Global extraction records,Jasechko & Perrone 2024,Existing site claim carried forward into the revised register.,direct,approved,8,,Aquifer Decline,institutional,Depletion: 126 (1960s) to 178 (1990s) to 283 km³/yr (2000s),Institutional-source claim cleared for public review. Refresh on the underlying reporting cycle.,yes,2026-04-02
W5-09,Global Scarcity,Climate-reframed,5B facing scarcity by 2050,WMO,WMO 5B projection,Existing site claim carried forward into the revised register.,direct,approved,9,3,Human Exposure,institutional,5B facing scarcity by 2050,Institutional-source claim cleared for public review. Refresh on the underlying reporting cycle.,yes,2026-04-02
W5-10,Global Scarcity,Climate-reframed,4B face severe scarcity 1+ month/year,WMO / UN Water,Current stress data,Existing site claim carried forward into the revised register.,direct,approved,10,,Human Exposure,institutional,4B face severe scarcity 1+ month/year,Institutional-source claim cleared for public review. Refresh on the underlying reporting cycle.,yes,2026-04-02
W5-11,Global Scarcity,Climate-reframed,56% more food calories needed by 2050,WMO / FAO,FAO State of Food & Agriculture,Existing site claim carried forward into the revised register.,direct,approved,11,,Human Exposure,institutional,56% more food calories needed by 2050,Institutional-source claim cleared for public review. Refresh on the underlying reporting cycle.,yes,2026-04-02
W5-12,Global Scarcity,Climate-reframed,"Critical aquifers: Arabian, Ogallala, Indus, N. China, CV",USGS / global assessments,Ranked by depletion severity,Existing site claim carried forward into the revised register.,direct,approved,12,,Aquifer Decline,institutional,"Critical aquifers: Arabian, Ogallala, Indus, N. China, CV",Institutional-source claim cleared for public review.,no,2026-04-02
W5-13,Global Scarcity,Climate-reframed,2050 gap: food demand vs freshwater = 94 points,Indexed to 2000 baseline (100),"Calories +56, freshwater per capita -38",Existing site claim carried forward into the revised register.,direct,approved,13,,Human Exposure,institutional,2050 gap: food demand vs freshwater = 94 points,Institutional-source claim cleared for public review. Refresh on the underlying reporting cycle.,yes,2026-04-02
